student_id,dm_grade,ai_grade,fods_grade,ds_grade,oops_grade,dpco_grade,data_science_lab_grade,oops_lab_grade
AIDS2401,U,B,C,B+,B+,B,B+,B+
AIDS2402,A,A,A,A,A,A,A+,A+
AIDS2403,A,B+,B,A,B+,B+,A,A
AIDS2404,A,A,A,A,B+,B+,A,A
AIDS2405,A,B+,B+,B+,B+,B+,B+,A
AIDS2406,A,A,A,A,A,A,A+,A+
AIDS2407,A,A,A,A,A+,A,A+,O
AIDS2408,B,C,U,U,U,U,A,B+
AIDS2409,A,A,A,A,A,A,A+,A+
AIDS2410,B,B+,B,B+,B+,B+,A,A
AIDS2411,A,B+,B+,B+,B+,B+,A,B+
AIDS2412,A,A,B+,A,A+,A,A+,A+
AIDS2413,A,A,A,A,A,A,A,A
AIDS2414,B+,A,A,A,A+,A,A,A+
AIDS2415,B+,B+,B,A,B+,B+,A+,A+
AIDS2416,U,B,B,U,U,U,B+,A
AIDS2417,A,A,A,A,A,A,A+,A+
AIDS2418,B+,B+,B+,A,B+,A,A,A
AIDS2419,A,A,B+,B+,B+,A,A,A
AIDS2420,A,A+,A+,A,A+,A,O,O
AIDS2421,A+,A,B+,A,A,A,A+,A+
AIDS2422,A,B+,B+,A,B+,B+,A,A
AIDS2423,A,A,A,A,A,A,A+,A
AIDS2424,A,A+,A,A+,A,A,A+,A+
AIDS2425,B+,A,A,B+,B,B+,A,A
AIDS2426,A,A,A,A,A,A,A+,A
AIDS2427,A,A+,A,A,A+,A+,A+,A+
AIDS2428,A,A,A,A,A,A,A+,A+
AIDS2429,B+,A,B+,A,A,A,A,A
AIDS2430,A+,O,A,A+,A,O,A+,O
AIDS2431,B+,A,A,B+,A,A,A,A
AIDS2432,A,A,A,A,A,A,A+,A+
AIDS2433,B,B+,B+,A,B+,B+,A+,A
AIDS2435,B+,A,B+,B+,A,A,A,A
AIDS2436,A,A,A+,A,A,A,A,A+
AIDS2437,A,A,B+,A,B+,A,A,A
AIDS2438,A,B+,A,B+,A,A,A,A
AIDS2439,B+,B+,B+,B+,B+,B+,A,A
AIDS2440,B+,B+,B+,B+,A,B,A,A
AIDS2441,A,A,A,A,A,A,A+,A+
AIDS2442,A,A,B+,A,B+,A,A,A
AIDS2443,B,A,B+,A,A,A,A,A
AIDS2444,C,B,B,A,A,B+,B+,A
AIDS2445,B+,A,A,B+,A,B+,A+,A
AIDS2446,B+,B+,B,B+,B+,B+,A,A
AIDS2447,B+,B+,B+,B+,A,B+,A,A
AIDS2448,A,A,A,A,A,A,A+,O
AIDS2449,A+,O,A,A+,A+,A+,A+,O
AIDS2450,O,O,A+,A+,A+,A+,A+,O