student_id,semester,section,academic_year,dm_grade,ai_grade,fods_grade,ds_grade,oops_grade,dpco_grade,data_science_lab_grade,oops_lab_grade,average_grade_point,theory_average,lab_average,credit_weighted_score,low_grade_count,failed_subject_count,passed_subject_count,attendance_percentage,internal_assessment_1,internal_assessment_2,internal_assessment_average,assignment_completion,assignment_submission_rate,lab_attendance,previous_semester_score,previous_failures,study_hours_per_week,next_semester_result
AIDS2401,III,A,2026,U,B,C,B+,B+,B,B+,B+,5.63,5.17,7.00,5.33,2,1,7,,,,,,,,,,,
AIDS2402,III,A,2026,A,A,A,A,A,A,A+,A+,8.25,8.00,9.00,8.17,0,0,8,,,,,,,,,,,
AIDS2403,III,A,2026,A,B+,B,A,B+,B+,A,A,7.38,7.17,8.00,7.38,0,0,8,,,,,,,,,,,
AIDS2404,III,A,2026,A,A,A,A,B+,B+,A,A,7.75,7.67,8.00,7.75,0,0,8,,,,,,,,,,,
AIDS2405,III,A,2026,A,B+,B+,B+,B+,B+,B+,A,7.25,7.17,7.50,7.25,0,0,8,,,,,,,,,,,
AIDS2406,III,A,2026,A,A,A,A,A,A,A+,A+,8.25,8.00,9.00,8.17,0,0,8,,,,,,,,,,,
AIDS2407,III,A,2026,A,A,A,A,A+,A,A+,O,8.50,8.17,9.50,8.38,0,0,8,,,,,,,,,,,
AIDS2408,III,A,2026,B,C,U,U,U,U,A,B+,3.25,1.83,7.50,2.88,5,4,4,,,,,,,,,,,
AIDS2409,III,A,2026,A,A,A,A,A,A,A+,A+,8.25,8.00,9.00,8.17,0,0,8,,,,,,,,,,,
AIDS2410,III,A,2026,B,B+,B,B+,B+,B+,A,A,7.00,6.67,8.00,6.88,0,0,8,,,,,,,,,,,
AIDS2411,III,A,2026,A,B+,B+,B+,B+,B+,A,B+,7.25,7.17,7.50,7.25,0,0,8,,,,,,,,,,,
AIDS2412,III,A,2026,A,A,B+,A,A+,A,A+,A+,8.25,8.00,9.00,8.17,0,0,8,,,,,,,,,,,
AIDS2413,III,A,2026,A,A,A,A,A,A,A,A,8.00,8.00,8.00,8.00,0,0,8,,,,,,,,,,,
AIDS2414,III,A,2026,B+,A,A,A,A+,A,A,A+,8.13,8.00,8.50,8.04,0,0,8,,,,,,,,,,,
AIDS2415,III,A,2026,B+,B+,B,A,B+,B+,A+,A+,7.50,7.00,9.00,7.38,0,0,8,,,,,,,,,,,
AIDS2416,III,A,2026,U,B,B,U,U,U,B+,A,3.38,2.00,7.50,2.75,4,4,4,,,,,,,,,,,
AIDS2417,III,A,2026,A,A,A,A,A,A,A+,A+,8.25,8.00,9.00,8.17,0,0,8,,,,,,,,,,,
AIDS2418,III,A,2026,B+,B+,B+,A,B+,A,A,A,7.50,7.33,8.00,7.46,0,0,8,,,,,,,,,,,
AIDS2419,III,A,2026,A,A,B+,B+,B+,A,A,A,7.63,7.50,8.00,7.58,0,0,8,,,,,,,,,,,
AIDS2420,III,A,2026,A,A+,A+,A,A+,A,O,O,8.88,8.50,10.00,8.71,0,0,8,,,,,,,,,,,
AIDS2421,III,A,2026,A+,A,B+,A,A,A,A+,A+,8.25,8.00,9.00,8.21,0,0,8,,,,,,,,,,,
AIDS2422,III,A,2026,A,B+,B+,A,B+,B+,A,A,7.50,7.33,8.00,7.50,0,0,8,,,,,,,,,,,
AIDS2423,III,A,2026,A,A,A,A,A,A,A+,A,8.13,8.00,8.50,8.08,0,0,8,,,,,,,,,,,
AIDS2424,III,A,2026,A,A+,A,A+,A,A,A+,A+,8.50,8.33,9.00,8.46,0,0,8,,,,,,,,,,,
AIDS2425,III,A,2026,B+,A,A,B+,B,B+,A,A,7.38,7.17,8.00,7.29,0,0,8,,,,,,,,,,,
AIDS2426,III,A,2026,A,A,A,A,A,A,A+,A,8.13,8.00,8.50,8.08,0,0,8,,,,,,,,,,,
AIDS2427,III,A,2026,A,A+,A,A,A+,A+,A+,A+,8.63,8.50,9.00,8.54,0,0,8,,,,,,,,,,,
AIDS2428,III,A,2026,A,A,A,A,A,A,A+,A+,8.25,8.00,9.00,8.17,0,0,8,,,,,,,,,,,
AIDS2429,III,A,2026,B+,A,B+,A,A,A,A,A,7.75,7.67,8.00,7.71,0,0,8,,,,,,,,,,,
AIDS2430,III,A,2026,A+,O,A,A+,A,O,A+,O,9.13,9.00,9.50,9.08,0,0,8,,,,,,,,,,,
AIDS2431,III,A,2026,B+,A,A,B+,A,A,A,A,7.75,7.67,8.00,7.67,0,0,8,,,,,,,,,,,
AIDS2432,III,A,2026,A,A,A,A,A,A,A+,A+,8.25,8.00,9.00,8.17,0,0,8,,,,,,,,,,,
AIDS2433,III,A,2026,B,B+,B+,A,B+,B+,A+,A,7.38,7.00,8.50,7.25,0,0,8,,,,,,,,,,,
AIDS2435,III,A,2026,B+,A,B+,B+,A,A,A,A,7.63,7.50,8.00,7.54,0,0,8,,,,,,,,,,,
AIDS2436,III,A,2026,A,A,A+,A,A,A,A,A+,8.25,8.17,8.50,8.21,0,0,8,,,,,,,,,,,
AIDS2437,III,A,2026,A,A,B+,A,B+,A,A,A,7.75,7.67,8.00,7.75,0,0,8,,,,,,,,,,,
AIDS2438,III,A,2026,A,B+,A,B+,A,A,A,A,7.75,7.67,8.00,7.71,0,0,8,,,,,,,,,,,
AIDS2439,III,A,2026,B+,B+,B+,B+,B+,B+,A,A,7.25,7.00,8.00,7.17,0,0,8,,,,,,,,,,,
AIDS2440,III,A,2026,B+,B+,B+,B+,A,B,A,A,7.25,7.00,8.00,7.17,0,0,8,,,,,,,,,,,
AIDS2441,III,A,2026,A,A,A,A,A,A,A+,A+,8.25,8.00,9.00,8.17,0,0,8,,,,,,,,,,,
AIDS2442,III,A,2026,A,A,B+,A,B+,A,A,A,7.75,7.67,8.00,7.75,0,0,8,,,,,,,,,,,
AIDS2443,III,A,2026,B,A,B+,A,A,A,A,A,7.63,7.50,8.00,7.54,0,0,8,,,,,,,,,,,
AIDS2444,III,A,2026,C,B,B,A,A,B+,B+,A,6.88,6.67,7.50,6.79,1,0,8,,,,,,,,,,,
AIDS2445,III,A,2026,B+,A,A,B+,A,B+,A+,A,7.75,7.50,8.50,7.63,0,0,8,,,,,,,,,,,
AIDS2446,III,A,2026,B+,B+,B,B+,B+,B+,A,A,7.13,6.83,8.00,7.04,0,0,8,,,,,,,,,,,
AIDS2447,III,A,2026,B+,B+,B+,B+,A,B+,A,A,7.38,7.17,8.00,7.29,0,0,8,,,,,,,,,,,
AIDS2448,III,A,2026,A,A,A,A,A,A,A+,O,8.38,8.00,9.50,8.25,0,0,8,,,,,,,,,,,
AIDS2449,III,A,2026,A+,O,A,A+,A+,A+,A+,O,9.13,9.00,9.50,9.08,0,0,8,,,,,,,,,,,
AIDS2450,III,A,2026,O,O,A+,A+,A+,A+,A+,O,9.38,9.33,9.50,9.38,0,0,8,,,,,,,,,,,
